valid,invalid_reason,id,address,symbol,chain,signal_type,signal_types,abnormal_rule,trend_interval,event_ts,event_time,push_count,last_event_ts,last_event_time,snapshot_id,current_mcap,first_signal_mcap,first_signal_ts,first_signal_time,first_signal_change_pct,price_change_pct,max_abnormal_mcap,ath_mcap,liquidity,pool_mcap_ratio,age_sec,resolution,entry_price_field,entry_price,entry_time,peak_price,peak_time,lowest_price,lowest_time,post_peak_low_price,post_peak_low_time,current_price,current_time,max_gain_pct,max_gain_multiple,current_return_pct,entry_drawdown_pct,lowest_return_pct,high_to_low_drawdown_pct,high_to_current_drawdown_pct,time_to_peak_min,time_to_low_min,time_peak_to_low_min,volume_usd,candles,binance_price,binance_mcap,binance_liquidity,binance_holders,binance_ok,result
True,,1,56bvE5B3AkzTuM9QDRYhcP4juUbZ4fjiDafF5veYpump,CATCH,sol,new_revival,new_revival,NEW_BOTTOM_REVIVAL,,1778824669,2026-05-15 13:57:49,3,1778840032,2026-05-15 18:13:52,0,144176.400512034,96605.50159726839,1778818773,2026-05-15 12:19:33,49.24243249942476,36.680914338781974,0.0,254955.23989170464,0.0,0.23329468731257744,26101,5m,close_at_signal,0.00013317183,2026-05-15 13:55:00,0.00034249598,2026-05-15 18:15:00,0.00010365939,2026-05-15 14:00:00,0.00011371596,2026-05-15 23:35:00,0.00014120088,2026-05-15 23:55:00,157.18350494995823,2.5718350494995823,6.029090386457847,-22.161173275158863,-22.161173275158863,66.7978701531037,58.77298180258933,257.18333333333334,2.183333333333333,320.0,404435.368278866,121,0.0001420135312760439,142012.9117609944,33375.76208573026,1126,True,成功
True,,20,CQMtJmAwFv1oAobMwRfv6ir4efTWdhfNp7S1R72Rpump,◎,sol,abnormal,"abnormal,quiet_runup",OLD_MCAP_4W_UP30,,1778825553,2026-05-15 14:12:33,7,1778837471,2026-05-15 17:31:11,0,74748.50099572411,74748.50099572411,1778825552,2026-05-15 14:12:32,0.0,61.33063340781467,0.0,147842.11157590302,0.0,0.30376397580171594,205112,5m,close_at_signal,7.9724976e-05,2026-05-15 14:10:00,8.4830811e-05,2026-05-15 14:45:00,1.2573515e-05,2026-05-15 21:15:00,1.2573515e-05,2026-05-15 21:15:00,2.649343e-05,2026-05-15 23:55:00,6.4043104885976865,1.0640431048859769,-66.76897086805018,-84.22888832227432,-84.22888832227432,85.1781270840379,68.76909499309161,32.45,422.45,390.0,159725.2189163506,118,2.4092223062998386e-05,24081.000666434702,13002.926389985154,324,True,失败
True,,22,CowyrEtbMX5oT211m3u9ayaBcTknsP2wh2zMWghbpump,DAD,sol,abnormal,abnormal,OLD_MCAP_4W_UP30,,1778825669,2026-05-15 14:14:29,3,1778855099,2026-05-15 22:24:59,0,185493.78337008858,185493.78337008858,1778825668,2026-05-15 14:14:28,0.0,35.55756769582089,0.0,1557027.002209672,0.0,0.21133805389039295,182122,5m,close_at_signal,0.00018805168,2026-05-15 14:10:00,0.000230534,2026-05-15 21:45:00,0.00010689654,2026-05-15 16:35:00,0.00012422448,2026-05-15 23:30:00,0.00014059949,2026-05-15 23:55:00,22.59076866529457,1.2259076866529457,-25.233590042907352,-43.155764415399,-43.155764415399,46.11446467766144,39.01138660674781,450.51666666666665,140.51666666666668,105.0,84607.3703035527,118,0.00013378052276524704,133779.81328160048,32938.604870851676,2228,True,成功
True,,23,2N9BXbRtyZM4YHzj9wvteW1Nuq6B5DzDwh57dDmZpump,PAIN,sol,abnormal,"abnormal,quiet_runup",OLD_MCAP_4W_UP30,,1778825795,2026-05-15 14:16:35,9,1778857820,2026-05-15 23:10:20,0,351707.61751645996,351707.61751645996,1778825794,2026-05-15 14:16:34,0.0,36.683665100742175,0.0,557696.7121368808,0.0,0.16582585405434136,317372,5m,close_at_signal,0.00031882542,2026-05-15 14:15:00,0.00073783465,2026-05-15 19:25:00,0.00030266314,2026-05-15 15:05:00,0.00041212276,2026-05-15 22:10:00,0.00061065597,2026-05-15 23:55:00,131.42277990255607,2.3142277990255606,91.53302456247059,-5.069319754993195,-5.069319754993195,44.14429303367632,17.236745387330345,308.4166666666667,48.416666666666664,165.0,570958.8448537037,117,0.0005299301726235204,529926.3444222037,80485.87747596699,2964,True,成功
True,,24,2AF7CqwieUjUPALL7icuZtL3X7wENdjUjGBMmfV2pump,TINY,sol,quiet_runup,quiet_runup,TRENDING_QUIET_RUNUP,,1778825911,2026-05-15 14:18:31,1,1778825911,2026-05-15 14:18:31,0,101944.871501151,101944.871501151,1778825911,2026-05-15 14:18:31,0.0,115.91720500292797,0.0,128347.71032498813,0.0,0.26011653718138183,373445,5m,close_at_signal,0.00010118506,2026-05-15 14:15:00,0.00011546608,2026-05-15 15:10:00,7.3161985e-05,2026-05-15 22:35:00,7.3161985e-05,2026-05-15 22:35:00,7.4981801e-05,2026-05-15 23:55:00,14.113763435036741,1.1411376343503674,-25.896371460371714,-27.694874124697865,-27.694874124697865,36.637681819630494,35.06162069414671,51.483333333333334,496.48333333333335,445.0,32259.4501176911,102,7.378191145144035e-05,73773.13455479211,22457.954614116046,338,True,成功
True,,25,124Yn3UCD4YBb8JcyW6A2g9jjgG4Ykp8VBp7XQNQpump,SELLOR,sol,abnormal,"abnormal,quiet_runup",OLD_MCAP_4W_UP30,,1778826183,2026-05-15 14:23:03,6,1778854497,2026-05-15 22:14:57,0,102313.267231004,102313.267231004,1778826182,2026-05-15 14:23:02,0.0,31.179408556073916,0.0,857128.5789173208,0.0,0.347757911197146,806949,5m,close_at_signal,9.572612e-05,2026-05-15 14:20:00,0.00018946158,2026-05-15 20:55:00,7.8841316e-05,2026-05-15 19:05:00,0.00010644306,2026-05-15 23:35:00,0.00012084074,2026-05-15 23:55:00,97.92046308781761,1.979204630878176,26.23591136880925,-17.638659124594213,-17.638659124594213,43.8181292481568,36.21886822647631,391.95,281.95,160.0,131383.7303541274,81,0.00011302412620906065,112997.91505833463,44450.6397044398,1449,True,成功
True,,26,69aniAWVnZcqPbzeMqN4w2kaYZLryt7ESdj3GuGUpump,Tom,sol,quiet_runup,quiet_runup,TRENDING_QUIET_RUNUP,,1778826234,2026-05-15 14:23:54,1,1778826234,2026-05-15 14:23:54,0,44838.9462116964,44838.9462116964,1778826234,2026-05-15 14:23:54,0.0,130.7654094750549,0.0,65519.03327605598,0.0,0.3816111647169759,179077,5m,close_at_signal,4.4674171e-05,2026-05-15 14:20:00,5.9257354e-05,2026-05-15 21:00:00,3.8052377e-05,2026-05-15 20:00:00,5.0202721e-05,2026-05-15 23:05:00,5.4018867e-05,2026-05-15 23:55:00,32.643432823856976,1.3264343282385698,20.917446906849158,-14.822421662844064,-14.822421662844064,15.280184464530766,8.84023103697813,396.1,336.1,125.0,14276.3312143484,86,4.923645182990268e-05,49229.9056517407,17725.625853856614,185,True,成功
True,,27,EjvsudvUcxrZwCWARwdS9BmEPisvZLjmnkdegeRbpump,JOE,sol,new_revival,new_revival,NEW_BOTTOM_REVIVAL,,1778826448,2026-05-15 14:27:28,3,1778833584,2026-05-15 16:26:24,0,61183.93830251761,61183.93830251761,1778826447,2026-05-15 14:27:27,0.0,33.83385057791457,0.0,325470.7939788555,0.0,0.3598299417760221,36338,5m,close_at_signal,5.9326364e-05,2026-05-15 14:25:00,8.3339463e-05,2026-05-15 16:25:00,1.0733238e-05,2026-05-15 23:50:00,1.0733238e-05,2026-05-15 23:50:00,1.3824137e-05,2026-05-15 23:55:00,40.47626953844667,1.4047626953844667,-76.69815564628232,-81.90814795256962,-81.90814795256962,87.12106172318389,83.41225572811766,117.53333333333333,562.5333333333333,445.0,124099.563060331,115,1.1747197267564013e-05,11746.734671552127,9620.674544511392,593,True,成功
True,,29,Gx4Jc43FdokhuMA9kgseBz8KD2T1pXWo2pmEv8PGpump,芽小七,sol,new_revival,new_revival,NEW_BOTTOM_REVIVAL,,1778826686,2026-05-15 14:31:26,1,1778826686,2026-05-15 14:31:26,0,55720.060365255005,55720.060365255005,1778826684,2026-05-15 14:31:24,0.0,31.796956189311707,0.0,308860.963067774,0.0,0.40581132459759056,60390,5m,close_at_signal,6.2118279e-05,2026-05-15 14:30:00,7.5707246e-05,2026-05-15 18:30:00,1.4911208e-05,2026-05-15 23:00:00,1.4911208e-05,2026-05-15 23:00:00,2.3647518e-05,2026-05-15 23:55:00,21.875955385048584,1.2187595538504858,-61.931466259714,-75.99545859923131,-75.99545859923131,80.30412042725739,68.7645248646345,238.56666666666666,508.56666666666666,270.0,76103.60022834007,114,1.8918135568835025e-05,18914.981285802878,12113.253314220563,577,True,成功
True,,30,2zRJoY7uw5erDJ9Bu4GBYrndWqvf4YqBLupCqgbHpump,ANT,sol,quiet_runup,quiet_runup,TRENDING_QUIET_RUNUP,,1778826748,2026-05-15 14:32:28,1,1778826748,2026-05-15 14:32:28,0,52204.110157232,52204.110157232,1778826748,2026-05-15 14:32:28,0.0,89.51083239812023,0.0,126770.23270825265,0.0,0.4261740961602697,140244,5m,close_at_signal,5.9977846e-05,2026-05-15 14:35:00,8.3039892e-05,2026-05-15 19:15:00,4.074326e-05,2026-05-15 15:55:00,5.2263625e-05,2026-05-15 22:55:00,5.4953372e-05,2026-05-15 23:55:00,38.45094070233868,1.3845094070233868,-8.37721648089863,-32.0694844559773,-32.0694844559773,37.062026766605136,33.82292452885175,282.53333333333336,82.53333333333333,220.0,26374.2301185566,104,5.6006167327148636e-05,48054.085377303774,21241.745102555855,583,True,成功
True,,31,BBigCqRMg57zqgBQMvccvFok2Kt24uwnid47w4rWpump,Openhuman,sol,abnormal,"abnormal,quiet_runup",OLD_MCAP_4W_UP30,,1778826833,2026-05-15 14:33:53,3,1778828009,2026-05-15 14:53:29,0,462209.73394221504,462209.73394221504,1778826832,2026-05-15 14:33:52,0.0,44.53418068956356,0.0,613906.1296860598,0.0,0.12695565056687325,2123609,5m,close_at_signal,0.00045466667,2026-05-15 14:30:00,0.0005697381,2026-05-15 14:40:00,0.00021170203,2026-05-15 22:35:00,0.00021170203,2026-05-15 22:35:00,0.00027174506,2026-05-15 23:55:00,25.3089653569724,1.253089653569724,-40.23202536486784,-53.43797028271282,-53.43797028271282,62.842219960364254,52.30351278947292,6.116666666666666,481.1166666666667,475.0,122706.89703076895,112,0.00027610350452828805,276082.43980572367,45196.263089110995,485,True,成功
True,,33,3jG3vjwbEuQCR3YkJKtLmH41jqHx9n36BBW1Kznkpump,UAP,sol,abnormal,abnormal,OLD_MCAP_4W_UP30,,1778827210,2026-05-15 14:40:10,1,1778827210,2026-05-15 14:40:10,0,40367.268115591534,40367.268115591534,1778827209,2026-05-15 14:40:09,0.0,30.360359485580503,0.0,2422719.767161552,0.0,0.5338221918983329,584634,5m,close_at_signal,4.0359242e-05,2026-05-15 14:40:00,4.5176458e-05,2026-05-15 18:15:00,3.6445092e-05,2026-05-15 17:30:00,3.6977228e-05,2026-05-15 22:00:00,3.7285638e-05,2026-05-15 23:50:00,11.93584359190889,1.119358435919089,-7.61561379175556,-9.69827431347695,-9.69827431347695,18.149342296821946,17.466663721179742,214.83333333333334,169.83333333333334,225.0,12167.78391006056,87,3.689907241956629e-05,36737.878152357,20258.397425213145,2897,True,成功
True,,34,BDUddMHkcWot9hdYm7LfAqDN6E8kWSuXgY7xC6ubpump,JOSHUAFOX,sol,quiet_runup,quiet_runup,TRENDING_QUIET_RUNUP,,1778827810,2026-05-15 14:50:10,1,1778827810,2026-05-15 14:50:10,0,44772.6,44772.6,1778827810,2026-05-15 14:50:10,0.0,158.00938553286127,0.0,48317.021,0.0,0.39257733472093603,52614,5m,close_at_signal,4.406941e-05,2026-05-15 14:50:00,4.9243133e-05,2026-05-15 14:50:00,2.7259792e-05,2026-05-15 19:10:00,2.7259792e-05,2026-05-15 19:10:00,2.9734354e-05,2026-05-15 23:55:00,11.739941605753291,1.117399416057533,-32.52835924057074,-38.14350589218236,-38.14350589218236,44.64244994322355,39.617257902741486,0.0,259.8333333333333,260.0,29953.279980521,89,3.513336355649494e-05,35133.36355649431,14855.844004417237,158,True,成功
True,,36,8tX4ZoxhnuaQrK2H59omSEQXCHTNwFn9vZUg1psh3W5Z,ANTROPIANS,sol,new_revival,new_revival,NEW_BOTTOM_REVIVAL,,1778827896,2026-05-15 14:51:36,7,1778842490,2026-05-15 18:54:50,0,54350.2958624448,54350.2958624448,1778827895,2026-05-15 14:51:35,0.0,45.892228407279674,0.0,148915.97774853487,0.0,0.3812981439550442,24303,5m,close_at_signal,5.663863e-05,2026-05-15 14:50:00,0.00010116522,2026-05-15 18:50:00,1.4629312e-05,2026-05-15 23:05:00,1.4629312e-05,2026-05-15 23:05:00,2.8103511e-05,2026-05-15 23:50:00,78.61523133592745,1.7861523133592745,-50.38101910303973,-74.17078767618497,-74.17078767618497,85.53918827043523,72.22018496079977,238.4,493.4,255.0,116499.85215361403,109,2.241416374969663e-05,22018.170372960067,13026.178344511176,480,True,成功
True,,38,Do4PgVvgw9RNUMks4dTwyvrHjSsdMP2bcKcwybk2pump,ALgoat,sol,quiet_runup,"new_revival,quiet_runup",TRENDING_QUIET_RUNUP,,1778828071,2026-05-15 14:54:31,2,1778849586,2026-05-15 20:53:06,0,124201.17057904399,124201.17057904399,1778828071,2026-05-15 14:54:31,0.0,94.1699649570788,0.0,126715.9437852764,0.0,0.22916861371027608,139284,5m,close_at_signal,0.00012412322,2026-05-15 14:50:00,0.00020993104,2026-05-15 20:05:00,8.0819151e-05,2026-05-15 21:50:00,8.0819151e-05,2026-05-15 21:50:00,0.00010691635,2026-05-15 23:55:00,69.1311585374598,1.691311585374598,-13.862732533042577,-34.88796777911498,-34.88796777911498,61.50204800585944,49.07072817816746,310.48333333333335,415.48333333333335,105.0,171437.829093057,109,0.00010081113604038799,100810.46279963704,25752.575137363536,419,True,成功
True,,40,GuWqNuKbaG1m84SbXBXBy9wmuepk5s7kYXRAkMeypump,REGINALD,sol,quiet_runup,"abnormal,quiet_runup",TRENDING_QUIET_RUNUP,,1778828407,2026-05-15 15:00:07,3,1778854527,2026-05-15 22:15:27,0,86539.7387805458,86539.7387805458,1778828407,2026-05-15 15:00:07,0.0,120.98972165018442,0.0,150953.56760398863,0.0,0.3242711906927026,2018628,5m,close_at_signal,8.4314062e-05,2026-05-15 15:00:00,0.00012778106,2026-05-15 22:10:00,7.6975489e-05,2026-05-15 18:40:00,8.8049419e-05,2026-05-15 23:35:00,8.8539913e-05,2026-05-15 23:55:00,51.55367558972546,1.5155367558972546,5.012035833358364,-8.703854168477854,-8.703854168477854,31.093529041001844,30.709674031503575,429.8833333333333,219.88333333333333,85.0,38822.549970124,93,8.538012898218206e-05,85361.91895907813,27658.954705615382,611,True,成功
True,,41,AjLhrxN2yrCe45Y2KGPMZCkBm6NpN43jWqPkdZq6pump,IDLE,sol,abnormal,abnormal,OLD_MCAP_4W_UP30,,1778828448,2026-05-15 15:00:48,1,1778828448,2026-05-15 15:00:48,0,259434.48467205,259434.48467205,1778828447,2026-05-15 15:00:47,0.0,45.16476562447493,0.0,299902.5526806765,0.0,0.1718645563363596,287248,5m,close_at_signal,0.00029257055,2026-05-15 15:00:00,0.00034069699,2026-05-15 15:10:00,0.00022238363,2026-05-15 22:45:00,0.00022238363,2026-05-15 22:45:00,0.00024565614,2026-05-15 23:55:00,16.449516193615523,1.1644951619361552,-16.03524688318766,-23.989741961383338,-23.989741961383338,34.726858021258124,27.89600518630939,9.2,464.2,455.0,41119.40254747477,104,0.0002443210394743051,218795.27922162454,41286.680602613415,558,True,成功
True,,42,CvXyWJRq3ZxqifMzAuyUomDvJ8PF8NitXx8HxRLGpump,WYNN,sol,abnormal,"abnormal,quiet_runup",OLD_MCAP_4W_UP30,,1778828492,2026-05-15 15:01:32,8,1778856164,2026-05-15 22:42:44,0,108805.9183955,108805.9183955,1778828483,2026-05-15 15:01:23,0.0,2005.4813346008796,0.0,138250.3863121325,0.0,0.24977447182892842,9894317,5m,close_at_signal,0.00011699629,2026-05-15 15:00:00,0.0001963821,2026-05-15 18:20:00,2.5336058e-05,2026-05-15 16:10:00,4.5359743e-05,2026-05-15 23:25:00,6.1174909e-05,2026-05-15 23:55:00,67.85327124475486,1.6785327124475486,-47.71209497326796,-78.34456289169512,-78.34456289169512,76.90230270477808,68.84904021293184,198.46666666666667,68.46666666666667,305.0,587293.442026332,108,4.212731703187363e-05,42120.36598679569,17241.928892224783,487,True,成功
True,,44,8BuGJvmzrtKg1Pq31pdcabFk5UVdvykAYqNqPfWGpump,Bear,sol,quiet_runup,"abnormal,quiet_runup",WATCHLIST_QUIET_RUNUP,,1778828667,2026-05-15 15:04:27,9,1778855002,2026-05-15 22:23:22,0,224443.5160871557,224443.5160871557,1778828667,2026-05-15 15:04:27,0.0,82.65419781979631,0.0,1094320.049777785,0.0,0.23666515841031685,569788,5m,close_at_signal,0.00022347964,2026-05-15 15:00:00,0.00034506941,2026-05-15 18:50:00,0.00014530118,2026-05-15 23:55:00,0.00014530118,2026-05-15 23:55:00,0.00014866162,2026-05-15 23:55:00,54.40753797527147,1.5440753797527147,-33.478673940946024,-34.982363494052514,-34.982363494052514,57.892187545688266,56.91834289223144,225.55,530.55,305.0,312500.784090745,108,0.00014665719211430367,146646.83161693165,48470.839548286924,2116,True,成功
True,,46,3oDzEg1v1KLQeL3fWhCTFPssFMzaDqEnYdAY5HZrpump,PNL,sol,abnormal,"abnormal,quiet_runup",OLD_MCAP_4W_UP30,,1778829498,2026-05-15 15:18:18,2,1778829498,2026-05-15 15:18:18,0,68381.7664775352,68381.7664775352,1778829497,2026-05-15 15:18:17,0.0,33.28244158866676,0.0,79039.0664165032,0.0,0.34381588130074725,202414,5m,close_at_signal,7.1716868e-05,2026-05-15 15:15:00,7.3883517e-05,2026-05-15 15:25:00,4.4990197e-05,2026-05-15 23:35:00,4.4990197e-05,2026-05-15 23:35:00,4.5603926e-05,2026-05-15 23:50:00,3.021114920969503,1.030211149209695,-36.41115783249208,-37.266924428434336,-37.266924428434336,39.106584490286245,38.27591342193416,6.7,496.7,490.0,17708.126315014,83,5.078681140069688e-05,50738.483060922015,19918.82465835168,735,True,失败
True,,48,916wRjPdWH9JMcF63HWumXLpCysLgvjfSvpPdwempump,KNORVA,sol,quiet_runup,"new_revival,quiet_runup",TRENDING_QUIET_RUNUP,,1778829799,2026-05-15 15:23:19,5,1778848257,2026-05-15 20:30:57,0,75446.89969821241,75446.89969821241,1778829799,2026-05-15 15:23:19,0.0,2192.3110178162274,0.0,93511.98762595205,0.0,0.2942342589420947,67332,5m,close_at_signal,7.6550899e-05,2026-05-15 15:20:00,0.00014663992,2026-05-15 15:55:00,1.1522008e-05,2026-05-15 22:30:00,1.1522008e-05,2026-05-15 22:30:00,1.4210841e-05,2026-05-15 23:55:00,91.55871703087382,1.9155871703087382,-81.43608868656133,-84.94856605145813,-84.94856605145813,92.14265256009413,90.30902294545714,31.683333333333334,426.68333333333334,395.0,582659.681937942,104,1.1787371634490536e-05,11787.366291112216,9029.196670321868,375,True,成功
True,,51,GLpMf2yfRsnxRMd7VQJVguHAagE1dK5cyrKehQJA2vqN,MEMELON,sol,new_revival,new_revival,NEW_BOTTOM_REVIVAL,,1778830054,2026-05-15 15:27:34,1,1778830054,2026-05-15 15:27:34,0,81726.01064086289,81726.01064086289,1778830053,2026-05-15 15:27:33,0.0,34.88638911636753,0.0,340194.33764741657,0.0,0.33068614363167764,76535,5m,close_at_signal,8.025635e-05,2026-05-15 15:25:00,8.5861865e-05,2026-05-15 15:30:00,1.758015e-05,2026-05-15 22:05:00,1.758015e-05,2026-05-15 22:05:00,2.0669435e-05,2026-05-15 23:55:00,6.984512751950467,1.0698451275195047,-74.24573258066184,-78.0950043205304,-78.0950043205304,79.52507786780545,75.92710687101894,2.433333333333333,397.43333333333334,395.0,86702.6240976736,102,2.6699873546302157e-05,26698.47923641419,15670.74824984046,989,True,失败
True,,52,UitvQfHbhczUVG6n6HNLvSWNaVKdxNzhheAhWfFpump,MONET,sol,abnormal,abnormal,OLD_MCAP_4W_UP30,,1778830124,2026-05-15 15:28:44,3,1778856811,2026-05-15 22:53:31,0,382061.56259477,382061.56259477,1778830123,2026-05-15 15:28:43,0.0,39.14993808955573,0.0,540807.1566525111,0.0,0.1596174064502364,187254,5m,close_at_signal,0.00045892548,2026-05-15 15:25:00,0.00064420621,2026-05-15 15:40:00,0.0001320898,2026-05-15 23:55:00,0.0001320898,2026-05-15 23:55:00,0.00014493477,2026-05-15 23:55:00,40.37272674421999,1.4037272674421999,-68.4186700638195,-71.217592886758,-71.217592886758,79.49572699710548,77.50180489567153,11.266666666666667,506.26666666666665,495.0,388519.468988992,103,0.0001695867713041218,142505.34833628297,52730.13501236323,1026,True,成功
True,,55,nn944oFMxsHg9AnEuBHWxtBpGjRX3DRxx86PseuDrPJ,Valeo,sol,abnormal,abnormal,OLD_MCAP_4W_UP30,,1778830619,2026-05-15 15:36:59,1,1778830619,2026-05-15 15:36:59,0,206614.117920544,206614.117920544,1778830618,2026-05-15 15:36:58,0.0,40.57084775191973,0.0,214443.07223634803,0.0,0.21817414439277738,7906586,5m,close_at_signal,0.00022444218,2026-05-15 15:35:00,0.00022462154,2026-05-15 15:40:00,0.00017530506,2026-05-15 21:15:00,0.00017530506,2026-05-15 21:15:00,0.00018179847,2026-05-15 23:40:00,0.0799136775449183,1.0007991367754492,-18.9998644639791,-21.89299711845607,-21.89299711845607,21.95536545604664,19.064542964134258,3.0166666666666666,338.01666666666665,335.0,7284.146530588,41,0.000182035934023865,175937.40146939628,40131.55162324695,788,True,失败
True,,57,9fXiyxqYWy9rQeT1zaiU29nuTP7mtnPMQjPoti3wpump,BUFO,sol,quiet_runup,quiet_runup,TRENDING_QUIET_RUNUP,,1778831106,2026-05-15 15:45:06,1,1778831106,2026-05-15 15:45:06,0,159344.007334848,159344.007334848,1778831106,2026-05-15 15:45:06,0.0,194.4838490519511,0.0,230959.1218898366,0.0,0.23392379087218618,52129616,5m,close_at_signal,0.0001696902,2026-05-15 15:45:00,0.00017355666,2026-05-15 15:50:00,8.8590851e-05,2026-05-15 22:40:00,8.8590851e-05,2026-05-15 22:40:00,9.916574e-05,2026-05-15 23:55:00,2.2785405403494163,1.0227854054034942,-41.56071476137101,-47.792594386711784,-47.792594386711784,48.95566035898593,42.86261328144941,4.9,414.9,410.0,25086.48919043055,87,9.458966189767164e-05,89536.97226095569,27593.365597220025,459,True,失败
True,,60,4JrarqBBkE13v6kAAgmRWKwTCBxDku6t7ZquPdY7pump,LOBSTER,sol,abnormal,"abnormal,quiet_runup",OLD_MCAP_4W_UP30,,1778831231,2026-05-15 15:47:11,2,1778831231,2026-05-15 15:47:11,0,119047.002208329,119047.002208329,1778831230,2026-05-15 15:47:10,0.0,59.06613515940272,0.0,122281.4540747429,0.0,0.2856742158736209,31140354,5m,close_at_signal,0.00012547208,2026-05-15 15:45:00,0.00013397156,2026-05-15 15:50:00,7.9940767e-05,2026-05-15 21:50:00,7.9940767e-05,2026-05-15 21:50:00,9.1761829e-05,2026-05-15 23:55:00,6.774001036724653,1.0677400103672465,-26.866734814629687,-36.28800367380537,-36.28800367380537,40.33004691443468,31.506486152732716,2.816666666666667,362.81666666666666,360.0,23248.2568048586,87,9.155809196736626e-05,86758.97791435904,28734.646494108707,1185,True,失败
True,,62,71vDdeajwpXGnj98kBvDZmVuuAYSPYiPbdeU5xGfbrrr,ket,sol,abnormal,abnormal,OLD_MCAP_4W_UP30,,1778831425,2026-05-15 15:50:25,1,1778831425,2026-05-15 15:50:25,0,116654.03332154,116654.03332154,1778831424,2026-05-15 15:50:24,0.0,34.16191450104237,0.0,143373.155692338,0.0,0.31321110685115666,1920951,5m,close_at_signal,0.00012693838,2026-05-15 15:55:00,0.00013859203,2026-05-15 18:35:00,8.7852213e-05,2026-05-15 22:35:00,8.7852213e-05,2026-05-15 22:35:00,0.00010261347,2026-05-15 23:55:00,9.180556739419554,1.0918055673941955,-19.162770156669716,-30.791449363068914,-30.791449363068914,36.61091983427907,25.960049795071193,164.58333333333334,404.5833333333333,240.0,14707.090404888,78,9.766892558943204e-05,87932.28497038958,32618.884337896496,395,True,失败
True,,63,DkJPacZLanvMskVMZj7omTeJ8Df7zisur56a9FZPpump,TripleP,sol,abnormal,"abnormal,quiet_runup",OLD_MCAP_4W_UP30,,1778831473,2026-05-15 15:51:13,5,1778843227,2026-05-15 19:07:07,0,41313.1547042362,41313.1547042362,1778831472,2026-05-15 15:51:12,0.0,41.82486341170862,0.0,45039.15482170637,0.0,0.43350845056742743,1888322,5m,close_at_signal,4.3140058e-05,2026-05-15 15:50:00,7.1266272e-05,2026-05-15 19:05:00,2.7671517e-05,2026-05-15 23:10:00,2.7671517e-05,2026-05-15 23:10:00,2.8133231e-05,2026-05-15 23:55:00,65.19744132008351,1.6519744132008352,-34.786293055053385,-35.85656050810131,-35.85656050810131,61.17165073542783,60.52377904655937,193.78333333333333,438.78333333333336,245.0,72643.7322182097,84,2.6063237223086445e-05,26057.21675868315,13820.411957813609,304,True,成功
True,,65,AddJb16XzTY5MU964TqQ4jQtJjqTebjqny98hUYbcMSs,IQ,sol,abnormal,"abnormal,quiet_runup",OLD_MCAP_4W_UP30,,1778831557,2026-05-15 15:52:37,7,1778852085,2026-05-15 21:34:45,0,41407.136957055096,41407.136957055096,1778831556,2026-05-15 15:52:36,0.0,35.272046646801705,0.0,192993.31746535303,0.0,0.43653090183991755,206317,5m,close_at_signal,4.1477846e-05,2026-05-15 15:50:00,7.6169965e-05,2026-05-15 22:05:00,3.4626954e-05,2026-05-15 22:55:00,3.4626954e-05,2026-05-15 22:55:00,4.2321954e-05,2026-05-15 23:55:00,83.64011718448448,1.8364011718448447,2.0350815710150405,-16.51699078105454,-16.51699078105454,54.5398845857419,44.43747742302363,372.3833333333333,422.3833333333333,50.0,54142.595466728,96,3.676591239176865e-05,36763.060139281064,16378.056446974864,435,True,成功
True,,67,7T1F8ERfwBgrArR8QMBQw1naPv9YfBvDdrTdx3MBibb3,76,sol,new_revival,new_revival,NEW_BOTTOM_REVIVAL,,1778831817,2026-05-15 15:56:57,7,1778857243,2026-05-15 23:00:43,0,201341.48,201341.48,1778831816,2026-05-15 15:56:56,0.0,67.11741552496095,0.0,489413.2309494,0.0,0.11544216475315668,50805,5m,close_at_signal,3101.11430251,2026-05-15 15:55:00,3380.91165334,2026-05-15 15:55:00,915.77201486,2026-05-15 18:15:00,915.77201486,2026-05-15 18:15:00,1324.78951562,2026-05-15 23:55:00,9.02247784299779,1.090224778429978,-57.280210066822335,-70.46958204285517,-70.46958204285517,72.91345918621359,60.81561272648928,0.0,138.05,140.0,160680.86489305,97,1244.868049719232,94599.08914217098,17999.868604834803,621,True,失败
True,,70,8aPT5mT73La8LnQaiQ1KMV6XgdYdH32rvmjZmLfcpump,EVENT,sol,abnormal,"abnormal,quiet_runup",OLD_MCAP_4W_UP30,,1778832628,2026-05-15 16:10:28,6,1778845823,2026-05-15 19:50:23,0,45525.6000913725,45525.6000913725,1778832627,2026-05-15 16:10:27,0.0,534.0597710375879,0.0,74134.00607936893,0.0,0.36877933129753837,222420,5m,close_at_signal,5.892944e-05,2026-05-15 16:10:00,8.1229817e-05,2026-05-15 16:55:00,1.0449231e-05,2026-05-15 23:55:00,1.0449231e-05,2026-05-15 23:55:00,1.0591756e-05,2026-05-15 23:55:00,37.84250622439311,1.3784250622439311,-82.02637595062842,-82.26823299186282,-82.26823299186282,87.13621255603715,86.96075358633395,44.53333333333333,464.53333333333336,420.0,260197.2022278486,94,1.1126796176723803e-05,11116.536413630876,8695.091427658286,312,True,成功
True,,72,Do6N8m8ssowyAvXs2tkGKkJ8vaNC8H5oRkMdr9shpump,DIRECTOR,sol,abnormal,"abnormal,quiet_runup",OLD_MCAP_4W_UP30,,1778832818,2026-05-15 16:13:38,7,1778854650,2026-05-15 22:17:30,0,791641.02321856,791641.02321856,1778832817,2026-05-15 16:13:37,0.0,39.41258576488576,0.0,974574.1964262121,0.0,0.14486215099326216,15349819,5m,close_at_signal,0.00082072005,2026-05-15 16:10:00,0.0012112767,2026-05-15 21:50:00,0.00059295406,2026-05-15 18:40:00,0.00072659832,2026-05-15 23:25:00,0.00079354175,2026-05-15 23:55:00,47.58707308295931,1.475870730829593,-3.3115189521688904,-27.751970967444983,-27.751970967444983,40.0138448960506,34.487161356278065,336.3666666666667,146.36666666666667,95.0,618803.5716220883,94,0.0008995225268072053,899478.2393902723,152948.93453295736,3020,True,成功
True,,73,5vicJEyYTDBqMsKe74vWQeDVMe5cmeA3vr1AT8RXb9t1,Ebola,sol,abnormal,abnormal,OLD_MCAP_4W_UP30,,1778833139,2026-05-15 16:18:59,13,1778857832,2026-05-15 23:10:32,0,120238.135668271,120238.135668271,1778833134,2026-05-15 16:18:54,0.0,3267.8929180284435,0.0,147898.7562461462,0.0,0.2546190540730805,65722817,5m,close_at_signal,0.00012692466,2026-05-15 16:15:00,0.00044294235,2026-05-15 20:15:00,6.1355881e-05,2026-05-15 16:15:00,0.00012064453,2026-05-15 21:20:00,0.00024643547,2026-05-15 23:55:00,248.98052907921908,3.489805290792191,94.15885770345966,-51.65960578503815,-51.65960578503815,72.76292727484739,44.363985516399595,236.01666666666668,0.0,65.0,1071673.9002982485,93,0.0002393649274896932,239339.08192617318,41691.55104372227,1072,True,成功
True,,80,AWpMr3W2oWWeWkW1Qr4zQTMAsoaiZZWCJMhV6VPnowpv,ICEMAN,sol,abnormal,abnormal,OLD_MCAP_4W_UP30,,1778834087,2026-05-15 16:34:47,5,1778843072,2026-05-15 19:04:32,0,90795.2797586088,90795.2797586088,1778834086,2026-05-15 16:34:46,0.0,34.629873576186284,0.0,985144.3438523532,0.0,0.32463226624821195,2113144,5m,close_at_signal,9.4991521e-05,2026-05-15 16:30:00,0.00021644088,2026-05-15 19:00:00,7.9669935e-05,2026-05-15 16:50:00,8.0927138e-05,2026-05-15 22:25:00,0.00010671174,2026-05-15 23:55:00,127.85284172889493,2.2785284172889493,12.338173846063572,-16.12942485677221,-16.12942485677221,62.61004945091704,50.69704946681052,145.21666666666667,15.216666666666667,205.0,376522.796250714,90,0.00013896054477695565,138946.77593482734,38433.93741465292,1758,True,成功
True,,86,CmgJ1PobhUqB7MEa8qDkiG2TUpMTskWj8d9JeZWSpump,fish,sol,abnormal,abnormal,OLD_MCAP_4W_UP30,,1778835498,2026-05-15 16:58:18,1,1778835498,2026-05-15 16:58:18,0,507547.7468151058,507547.7468151058,1778835497,2026-05-15 16:58:17,0.0,35.87056353797601,0.0,513330.8516102448,0.0,0.22445634393478087,11581573,5m,close_at_signal,0.00050358706,2026-05-15 16:55:00,0.00052687962,2026-05-15 17:00:00,0.00034103223,2026-05-15 23:40:00,0.00034103223,2026-05-15 23:40:00,0.00034800998,2026-05-15 23:55:00,4.62532933233033,1.0462532933233033,-30.893780312782447,-32.27938978416165,-32.27938978416165,35.273216678982564,33.94886293001805,1.7,401.7,400.0,72092.65740635103,80,0.00035285080940763736,352800.46741513244,97606.58770073391,7239,True,失败
True,,87,AByd79m4DZQBFTcRLguzu4usK8hvyaCbDtwZNJfYpump,YILONG,sol,new_revival,new_revival,NEW_BOTTOM_REVIVAL,,1778835949,2026-05-15 17:05:49,2,1778836893,2026-05-15 17:21:33,0,65291.4606120195,65291.4606120195,1778835948,2026-05-15 17:05:48,0.0,47.568960744828416,0.0,306622.723951559,0.0,0.3579729292863475,94428,5m,close_at_signal,6.0712476e-05,2026-05-15 17:05:00,7.345945e-05,2026-05-15 17:10:00,2.1809325e-05,2026-05-15 23:55:00,2.1809325e-05,2026-05-15 23:55:00,2.2441956e-05,2026-05-15 23:55:00,20.99564181833071,1.2099564181833071,-63.03567655517788,-64.07768808506509,-64.07768808506509,70.31106957648063,69.44987200421457,4.183333333333334,409.18333333333334,405.0,69601.96050338799,83,2.2672680458561404e-05,22670.90832742653,13430.5233263159,689,True,成功
True,,88,A49fTbyuLNJExFxerUG2FNfRavegipuNi2GWpLyUpump,hermes,sol,abnormal,"abnormal,quiet_runup",OLD_MCAP_4W_UP30,,1778835975,2026-05-15 17:06:15,4,1778842050,2026-05-15 18:47:30,0,79463.34293296249,79463.34293296249,1778835973,2026-05-15 17:06:13,0.0,37.0808539518008,0.0,86938.99433494692,0.0,0.29647680678583915,47834050,5m,close_at_signal,9.5121751e-05,2026-05-15 17:05:00,0.00014933361,2026-05-15 18:40:00,7.7069215e-05,2026-05-15 17:40:00,7.9447222e-05,2026-05-15 23:35:00,8.6539715e-05,2026-05-15 23:55:00,56.992074294343055,1.5699207429434305,-9.022159400745256,-18.978347023910437,-18.978347023910437,46.79883383251769,42.04940535489633,93.75,33.75,295.0,68471.3749763754,82,8.558113941779197e-05,81592.83751597906,24103.662361610553,359,True,成功
True,,100,AuH1cjbBQhneaY2yDAXPEsbAu8sMkWPm36vMfpdpDhVz,Ebola,sol,abnormal,abnormal,OLD_MCAP_4W_UP30,,1778837628,2026-05-15 17:33:48,1,1778837628,2026-05-15 17:33:48,0,40496.7533662625,40496.7533662625,1778837619,2026-05-15 17:33:39,0.0,133.22157460426422,0.0,57326.89995239,0.0,0.4003373961447804,62835259,5m,close_at_signal,3.5949408e-05,2026-05-15 17:30:00,4.102545e-05,2026-05-15 17:30:00,5.7172896e-06,2026-05-15 21:35:00,5.7172896e-06,2026-05-15 21:35:00,7.8266183e-06,2026-05-15 23:55:00,14.119959917003367,1.1411995991700337,-78.22879781497376,-84.09628998619392,-84.09628998619392,86.06404171069421,80.92252906427595,0.0,241.2,245.0,112757.9489058382,78,7.3504923871865715e-06,7350.3060094288585,6838.270591289985,200,True,成功
True,,102,7N9LXfiFK2Je8XB17Ls6iXtMeCN6BJubFATggjQrpump,garbage,sol,abnormal,abnormal,OLD_MCAP_4W_UP30,,1778838221,2026-05-15 17:43:41,1,1778838221,2026-05-15 17:43:41,0,185003.98930074403,185003.98930074403,1778838220,2026-05-15 17:43:40,0.0,38.878479761663115,0.0,295074.324000423,0.0,0.22575885157173653,902800,5m,close_at_signal,0.00020284929,2026-05-15 17:40:00,0.00021503344,2026-05-15 17:40:00,0.00012513316,2026-05-15 20:25:00,0.00012513316,2026-05-15 20:25:00,0.00015059857,2026-05-15 23:55:00,6.006503646130601,1.060065036461306,-25.758394323194324,-38.31225142567667,-38.31225142567667,41.80758118365219,29.965046366741845,0.0,161.31666666666666,165.0,51320.0524495183,71,0.00014759539201259782,147573.04856241404,35069.617032891874,490,True,失败
True,,105,DSSYHYVM3KHPc5mhm5S9msJqRvHcksmg81Pi25cSpump,RABBIT,sol,quiet_runup,"new_revival,quiet_runup",TRENDING_QUIET_RUNUP,,1778839087,2026-05-15 17:58:07,8,1778853367,2026-05-15 21:56:07,0,126356.94187578002,126356.94187578002,1778839086,2026-05-15 17:58:06,0.0,1367.8373794042038,0.0,129215.04056105399,0.0,0.2288770561612653,32917,5m,close_at_signal,0.00012372544,2026-05-15 17:55:00,0.00038553731,2026-05-15 21:05:00,8.4107496e-05,2026-05-15 17:55:00,0.00011024176,2026-05-15 22:35:00,0.0001738578,2026-05-15 23:55:00,211.6071440117732,3.116071440117732,40.51903957666265,-32.02085520972889,-32.02085520972889,71.40568314905761,54.90506483017169,186.88333333333333,0.0,90.0,1034288.511070627,73,0.0001477777632223078,147777.57110316775,33486.76728395472,954,True,成功
True,,115,zuMj7WhAstLoDzqZTFTtvVYbB9K8PMx58FrVBuepump,DAIDAI,sol,abnormal,abnormal,OLD_MCAP_4W_UP30,,1778841383,2026-05-15 18:36:23,1,1778841383,2026-05-15 18:36:23,0,45582.9458566438,45582.9458566438,1778841382,2026-05-15 18:36:22,0.0,30.948939268678448,0.0,186758.40203445908,0.0,0.424808598310345,671171,5m,close_at_signal,4.1966549e-05,2026-05-15 18:35:00,4.9004776e-05,2026-05-15 18:45:00,3.088445e-05,2026-05-15 22:25:00,3.088445e-05,2026-05-15 22:25:00,3.4287203e-05,2026-05-15 23:55:00,16.771040668604908,1.167710406686049,-18.298731210898467,-26.406981903610895,-26.406981903610895,36.97665305112302,30.032935973424312,8.616666666666667,228.61666666666667,220.0,11653.171409793,58,3.285667542652418e-05,32853.17688796755,16181.117377019591,603,True,成功
True,,119,y4JiNFzBPofqiCpuDTcVq11nhUDQoDzeK1UBCoXxF9y,CVT,sol,quiet_runup,quiet_runup,TRENDING_QUIET_RUNUP,,1778842204,2026-05-15 18:50:04,1,1778842204,2026-05-15 18:50:04,0,754483.8083610641,754483.8083610641,1778842204,2026-05-15 18:50:04,0.0,121.2748905414029,0.0,826232.6701368486,0.0,0.1182981528210232,292509,5m,close_at_signal,0.00074459089,2026-05-15 18:50:00,0.0008309096,2026-05-15 19:05:00,0.00058133061,2026-05-15 23:35:00,0.00058133061,2026-05-15 23:35:00,0.0006458311,2026-05-15 23:55:00,11.592770091506232,1.1159277009150623,-13.26363125393597,-21.92617210237423,-21.92617210237423,30.03684034941948,22.27420407707409,14.933333333333334,284.93333333333334,270.0,33090.838590402,57,0.0006525748585087758,652574.6930215057,78516.77798683142,307,True,成功
True,,120,AGWmh5GfPKqEtWoXXpo43p3SGr4CKxB5XYfEvBjMpump,ENHA,sol,quiet_runup,"abnormal,quiet_runup",TRENDING_QUIET_RUNUP,,1778842362,2026-05-15 18:52:42,2,1778847894,2026-05-15 20:24:54,0,117380.01178368399,117380.01178368399,1778842362,2026-05-15 18:52:42,0.0,99.89072232875927,0.0,144763.9479467168,0.0,0.24039063830658275,586153,5m,close_at_signal,0.00011514825,2026-05-15 18:50:00,0.00017576565,2026-05-15 20:30:00,0.00010984014,2026-05-15 19:10:00,0.00013806033,2026-05-15 23:45:00,0.00014570456,2026-05-15 23:55:00,52.64291901961167,1.5264291901961167,26.53649534404561,-4.609805185923365,-4.609805185923365,21.4520413971672,17.102937917619286,97.3,17.3,195.0,37041.7616088142,62,0.00013979761088308003,139795.24304925502,30311.54819418683,326,True,成功
True,,124,HvXkRNQQiXC3xDXU1Wzbo2EB2ku5sRpTHpo33p8Spump,PHANNY,sol,new_revival,new_revival,NEW_BOTTOM_REVIVAL,,1778842752,2026-05-15 18:59:12,1,1778842752,2026-05-15 18:59:12,0,196410.258133936,196410.258133936,1778842751,2026-05-15 18:59:11,0.0,33.39579672849798,0.0,244360.38090070925,0.0,0.19981216907873783,126444,5m,close_at_signal,0.00019417344,2026-05-15 18:55:00,0.00020538091,2026-05-15 18:55:00,6.239707e-06,2026-05-15 22:20:00,6.239707e-06,2026-05-15 22:20:00,1.7082753e-05,2026-05-15 23:55:00,5.77188620647604,1.0577188620647604,-91.20232252155598,-96.78652909481337,-96.78652909481337,96.96188560076007,91.68240465971253,0.0,200.8,205.0,115426.766788628,61,1.7316593055351408e-05,17315.028287800396,11453.978105540278,3375,True,失败
True,,134,DXwcaZ3atb4WfrzDtkR3EcRhkv2rrbzjKLQxyPjNpump,KEVUN,sol,abnormal,"abnormal,quiet_runup",OLD_MCAP_4W_UP30,,1778845603,2026-05-15 19:46:43,3,1778858061,2026-05-15 23:14:21,0,74830.740117856,74830.740117856,1778845602,2026-05-15 19:46:42,0.0,31.052086090968494,0.0,116494.63412055424,0.0,0.32188274512112547,13271037,5m,close_at_signal,8.1310751e-05,2026-05-15 19:45:00,9.5908405e-05,2026-05-15 23:15:00,5.6213928e-05,2026-05-15 22:05:00,7.868414e-05,2026-05-15 23:40:00,9.1263302e-05,2026-05-15 23:55:00,17.95291990354386,1.1795291990354386,12.240141528147985,-30.865319396693312,-30.865319396693312,17.959077726295202,4.843269992864552,208.28333333333333,138.28333333333333,25.0,15338.702689097,49,7.584098228791681e-05,75828.5589341141,24185.81853437642,481,True,成功
True,,135,7tQh4cnMcwnhxLzrURBsFMnkeWaXVXRTZQtyNy37pump,Winston,sol,abnormal,"abnormal,quiet_runup",OLD_MCAP_4W_UP30,,1778845610,2026-05-15 19:46:50,2,1778845610,2026-05-15 19:46:50,0,42098.4834357774,42098.4834357774,1778845609,2026-05-15 19:46:49,0.0,42.131317753782945,0.0,350708.3725497667,0.0,0.4409789303679529,770844,5m,close_at_signal,4.2082515e-05,2026-05-15 19:45:00,4.8781547e-05,2026-05-15 19:55:00,2.4296666e-05,2026-05-15 23:40:00,2.4296666e-05,2026-05-15 23:40:00,2.4474652e-05,2026-05-15 23:55:00,15.918801430950612,1.1591880143095061,-41.841280161131046,-42.264225415234804,-42.264225415234804,50.19291618611439,49.82805280857534,8.166666666666666,233.16666666666666,225.0,18668.069036654,48,2.627096084227212e-05,26267.70591180087,14282.97566394021,565,True,成功
True,,138,2F7qKwGuLHr54iyQ7PGiWiRDk3ur7PoJeSL7cLLWrvZe,BOUGHT,sol,quiet_runup,"new_revival,quiet_runup",TRENDING_QUIET_RUNUP,5m,1778846383,2026-05-15 19:59:43,4,1778857516,2026-05-15 23:05:16,56690,107375.444393919,107375.444393919,1778846383,2026-05-15 19:59:43,0.0,97.24716574124447,0.0,182253.51141715693,30760.51693481648,0.2864762712596377,144224,5m,close_at_signal,0.00010887481,2026-05-15 19:55:00,0.00015596419,2026-05-15 23:00:00,8.2041966e-05,2026-05-15 23:45:00,8.2041966e-05,2026-05-15 23:45:00,9.6476321e-05,2026-05-15 23:50:00,43.25094114974804,1.4325094114974803,-11.38783985019125,-24.645594329854635,-24.645594329854635,47.39692104963326,38.142004905100336,180.28333333333333,225.28333333333333,45.0,44501.689162846,48,0.00010334628362099141,103333.2344003362,29846.782149237144,371,True,成功
True,,140,F3UfckxLPtCmFQZ8WDkDsYiwDHFzpdFrC1sfNkEofJH1,USDC,sol,abnormal,"abnormal,quiet_runup",OLD_MCAP_4W_UP30,5m,1778846433,2026-05-15 20:00:33,3,1778848966,2026-05-15 20:42:46,56698,70384.649855748,70384.649855748,1778846432,2026-05-15 20:00:32,0.0,66.94301335883802,0.0,197481.10184484,23126.66283741166,0.3285753766596739,302120,5m,close_at_signal,6.7367849e-05,2026-05-15 20:00:00,0.00013353152,2026-05-15 23:00:00,6.6161896e-05,2026-05-15 20:15:00,9.0149253e-05,2026-05-15 23:50:00,9.2977461e-05,2026-05-15 23:55:00,98.21253310314242,1.9821253310314242,38.0145906098323,-1.7901016848556384,-1.7901016848556384,32.48840947815168,30.370401684935512,179.45,14.45,50.0,28218.68728172042,47,9.245877567495396e-05,92457.00198834132,26079.9292775728,418,True,成功
True,,143,4SGD4RzT7isgXvVFoM82FLuKDFfxNbYaYiwTN29e9PMp,POMP,sol,new_revival,"new_revival,quiet_runup",NEW_BOTTOM_REVIVAL,1m,1778847049,2026-05-15 20:10:49,2,1778847049,2026-05-15 20:10:49,56762,51577.38726676,51577.38726676,1778847048,2026-05-15 20:10:48,0.0,101.61980144605572,0.0,170472.859244608,18866.74250505198,0.36579484741002,77050,5m,close_at_signal,4.3310155e-05,2026-05-15 20:10:00,5.6341038e-05,2026-05-15 20:10:00,2.3676432e-05,2026-05-15 22:50:00,2.3676432e-05,2026-05-15 22:50:00,3.2551984e-05,2026-05-15 23:55:00,30.087361728444506,1.300873617284445,-24.839834907078963,-45.332839376815905,-45.332839376815905,57.97657828029366,42.22331509050294,0.0,159.18333333333334,160.0,36783.0979351,46,2.2783046896599504e-05,22781.334194664953,12380.219397276886,409,True,成功
True,,147,DgWGrogsV8NYSV5iDBpb84bEW3Lx2eViPyS1iYu4pump,CLARITY,sol,new_revival,new_revival,NEW_BOTTOM_REVIVAL,5m,1778847671,2026-05-15 20:21:11,6,1778851619,2026-05-15 21:26:59,56831,69600.02911563241,69600.02911563241,1778847670,2026-05-15 20:21:10,0.0,38.002849582007826,0.0,198853.25606011524,23359.59076989342,0.3356261637632961,75186,5m,close_at_signal,8.1418913e-05,2026-05-15 20:20:00,0.00016022864,2026-05-15 21:20:00,6.5681528e-05,2026-05-15 23:20:00,6.5681528e-05,2026-05-15 23:20:00,7.6482886e-05,2026-05-15 23:55:00,96.79535638113958,1.9679535638113959,-6.062506631597985,-19.328905803495555,-19.328905803495555,59.007623106580695,52.2664075536059,58.81666666666667,178.81666666666666,120.0,101651.0618842931,44,6.176788505473456e-05,61767.64467224968,21865.482735118985,858,True,成功
True,,148,89BZ5RU212yKr3iFdJHyn3ZsR37bS4s8TbmVb2yApump,MIM,sol,abnormal,"abnormal,quiet_runup",OLD_MCAP_4W_UP30,5m,1778847684,2026-05-15 20:21:24,2,1778847684,2026-05-15 20:21:24,56833,168851.593899648,168851.593899648,1778847683,2026-05-15 20:21:23,0.0,88.93171908075993,0.0,175118.99341250953,42395.36816084136,0.25108065124950973,2149725,5m,close_at_signal,0.00015968316,2026-05-15 20:20:00,0.00019191015,2026-05-15 23:50:00,0.00012134752,2026-05-15 20:30:00,0.00018210901,2026-05-15 23:55:00,0.00018408656,2026-05-15 23:55:00,20.18183382643479,1.201818338264348,15.282387948735487,-24.00731548649212,-24.00731548649212,5.1071504034570285,4.076694223833388,208.6,8.6,5.0,32983.011979667,41,0.00016209011507826597,162078.2066902197,44780.20654424958,880,True,成功
True,,153,cTxqg4vt21u1Q2f9DSEig6S1fxmxLSsUV2v2wWspump,ECASH,sol,abnormal,abnormal,OLD_MCAP_4W_UP30,5m,1778848079,2026-05-15 20:27:59,1,1778848079,2026-05-15 20:27:59,56863,231017.93290752,231017.93290752,1778848078,2026-05-15 20:27:58,0.0,35.325311698093664,0.0,243547.50606861574,48517.75755599544,0.21001727850892787,1712972,5m,close_at_signal,0.00026026761,2026-05-15 20:25:00,0.00026593404,2026-05-15 20:25:00,0.0002107259,2026-05-15 23:35:00,0.0002107259,2026-05-15 23:35:00,0.00024307856,2026-05-15 23:55:00,2.177155274911091,1.021771552749111,-6.604375396538975,-19.03491179713066,-19.03491179713066,20.76008772701683,8.594416871191068,0.0,187.01666666666668,190.0,9575.914295548,27,0.0002405239423791327,240500.9693507457,48913.0860297227,730,True,失败
True,,160,61Ph76cbGL2hMidG1x5fW37DXpJAQ3XEq3psNGwHpump,bigtimer,sol,new_revival,new_revival,NEW_BOTTOM_REVIVAL,1h,1778848522,2026-05-15 20:35:22,1,1778848522,2026-05-15 20:35:22,56912,40097.989574520005,40097.989574520005,1778848520,2026-05-15 20:35:20,0.0,99.22825024523715,0.0,61025.814133284206,15929.30445361668,0.3972594292791888,26773,5m,close_at_signal,3.7214978e-05,2026-05-15 20:35:00,4.1034708e-05,2026-05-15 20:35:00,8.0226274e-06,2026-05-15 22:35:00,8.0226274e-06,2026-05-15 22:35:00,1.5449723e-05,2026-05-15 23:55:00,10.263958774878201,1.102639587748782,-58.48520184534303,-78.44247711230678,-78.44247711230678,80.44916659331413,62.349621203591845,0.0,119.63333333333334,120.0,52192.06536708,41,1.4967650874658467e-05,14967.646989589042,9823.472148651277,199,True,成功
True,,162,88ALaHqEeyZcZ38WF1FGqVqF24VrfsMyjhkTMZtRpump,SCHIZO,sol,abnormal,abnormal,OLD_MCAP_4W_UP30,1m,1778848602,2026-05-15 20:36:42,1,1778848602,2026-05-15 20:36:42,56918,185516.72759604602,185516.72759604602,1778848601,2026-05-15 20:36:41,0.0,36.005136754113806,0.0,203598.06386377304,36885.34412982792,0.19882489631956007,747197,5m,close_at_signal,0.00017632428,2026-05-15 20:35:00,0.00019104103,2026-05-15 20:35:00,0.00012179393,2026-05-15 22:30:00,0.00012179393,2026-05-15 22:30:00,0.000136729,2026-05-15 23:55:00,8.34641150952098,1.0834641150952098,-22.455943106644185,-30.92617193729643,-30.92617193729643,36.24723966364712,28.429510665850145,0.0,113.3,115.0,17596.097487914,40,0.00011809170185796701,118085.79978776728,29535.97369282033,454,True,失败
True,,168,FJtB7uHWLDJA92vv2zdTyGRzMDQ227vivWhEjaeEpump,XAnimals,sol,abnormal,abnormal,OLD_MCAP_4W_UP30,1m,1778849924,2026-05-15 20:58:44,1,1778849924,2026-05-15 20:58:44,57058,76735.8476166338,76735.8476166338,1778849923,2026-05-15 20:58:43,0.0,33.6281425390146,0.0,251893.30501877124,25026.26917178882,0.3261353063670851,829231,5m,close_at_signal,7.5114461e-05,2026-05-15 20:55:00,8.901128e-05,2026-05-15 21:45:00,6.5930742e-05,2026-05-15 21:25:00,7.1728865e-05,2026-05-15 23:35:00,7.2980202e-05,2026-05-15 23:50:00,18.500856978791337,1.1850085697879134,-2.8413423614928157,-12.22629954037745,-12.22629954037745,19.415983007996285,18.01016455442501,46.266666666666666,26.266666666666666,110.0,13211.697940515,30,6.976153566715168e-05,69759.03355072068,23581.619086951396,453,True,成功
True,,169,HEUuoqsv5gD3kdWsuLJKhfM1qvFByAEzYc9Z7Tkwpump,DEGEN,sol,abnormal,abnormal,OLD_MCAP_4W_UP30,1m,1778850386,2026-05-15 21:06:26,2,1778851844,2026-05-15 21:30:44,57108,82339.5534746388,82339.5534746388,1778850385,2026-05-15 21:06:25,0.0,42.106821714454554,0.0,792124.2683728399,25325.36557871648,0.3075722967882851,324191,5m,close_at_signal,8.5480514e-05,2026-05-15 21:05:00,9.7068039e-05,2026-05-15 21:05:00,6.7031469e-05,2026-05-15 23:45:00,6.7031469e-05,2026-05-15 23:45:00,6.7262225e-05,2026-05-15 23:55:00,13.555750261398769,1.1355575026139877,-21.312797674567086,-21.582749256748734,-21.582749256748734,30.943831058542358,30.706105023920383,0.0,158.56666666666666,160.0,18411.384379311,30,6.319009999361038e-05,63189.91077456534,22535.94164298827,754,True,成功
True,,175,73jj6SFe9FKn6qqpaGwbSd7TL1sHheh3HqDo9RwA7BHB,Pork,sol,abnormal,abnormal,OLD_MCAP_4W_UP30,1m,1778851065,2026-05-15 21:17:45,1,1778851065,2026-05-15 21:17:45,57179,281897.92380650004,281897.92380650004,1778851064,2026-05-15 21:17:44,0.0,32.552954471603314,0.0,373594.6284552963,46474.46407189224,0.1648627398327104,66216507,5m,close_at_signal,0.00028782677,2026-05-15 21:15:00,0.00029164315,2026-05-15 21:20:00,0.00019190235,2026-05-15 22:35:00,0.00019190235,2026-05-15 22:35:00,0.00023248843,2026-05-15 23:55:00,1.3259294818199319,1.0132592948181993,-19.226265854284506,-33.327136318835116,-33.327136318835116,34.1996031794335,20.283253695483673,2.25,77.25,75.0,40756.147682184,33,0.0002190201889553019,219018.5759440582,40819.41173029071,845,True,失败
True,,178,Hnv13n2QUnaZm4a54o96Nx6e9Ysr2t3qB3CVauD8pump,SON,sol,abnormal,abnormal,OLD_MCAP_4W_UP30,1m,1778851653,2026-05-15 21:27:33,1,1778851653,2026-05-15 21:27:33,57244,376621.413595173,376621.413595173,1778851652,2026-05-15 21:27:32,0.0,53.51202306614948,0.0,402126.86261363147,55602.53336109192,0.14763508221775884,15504124,5m,close_at_signal,0.00036817129,2026-05-15 21:25:00,0.00039517134,2026-05-15 21:25:00,0.0002487993,2026-05-15 23:10:00,0.0002487993,2026-05-15 23:10:00,0.0002703345,2026-05-15 23:55:00,7.333556617084391,1.073335566170844,-26.573715185668068,-32.4229491115399,-32.4229491115399,37.040145674531956,31.590560185867723,0.0,102.45,105.0,28640.514131955002,29,0.0002631333265612755,263121.0401381992,46600.27320747598,582,True,失败
True,,180,3t4GiENDepWKkGicwDoMz2V2fWDZXHLAoJ3ZrpZQpump,UNICEF,sol,abnormal,abnormal,OLD_MCAP_4W_UP30,1m,1778851942,2026-05-15 21:32:22,1,1778851942,2026-05-15 21:32:22,57272,47705.1792569721,47705.1792569721,1778851941,2026-05-15 21:32:21,0.0,40.74527994331995,0.0,167243.68937288783,19322.84790424128,0.4050471710871362,1365734,5m,close_at_signal,5.0441537e-05,2026-05-15 21:30:00,5.1504136e-05,2026-05-15 21:30:00,3.4844824e-05,2026-05-15 22:15:00,3.4844824e-05,2026-05-15 22:15:00,3.9404146e-05,2026-05-15 23:55:00,2.106595205455375,1.0210659520545537,-21.881551706087,-30.920376197101206,-30.920376197101206,32.34558094518856,23.493239455565284,0.0,42.63333333333333,45.0,13157.35692713,29,4.423230934252805e-05,44229.415963301784,18228.261241786935,469,True,失败
True,,183,6veQU7HDdXV5DC2Eqhnri5q71gkMzG73qKkSSudnpump,Dust,sol,drop_50w,"drop_40w,drop_50w",NEW_ATH1M_DROP_50W,1h,1778852185,2026-05-15 21:36:25,4,1778858046,2026-05-15 23:14:06,57299,450774.587340792,450774.587340792,1778852184,2026-05-15 21:36:24,0.0,-17.0553307653447,500000.0,1300246.5183946525,63880.6412817136,0.1417130492172553,33537,5m,close_at_signal,0.00046610921,2026-05-15 21:35:00,0.0009184507,2026-05-15 23:35:00,0.00031427573,2026-05-15 22:05:00,0.00068471667,2026-05-15 23:45:00,0.00084868394,2026-05-15 23:55:00,97.04624587872873,1.9704624587872872,82.0783459738974,-32.57465777172693,-32.57465777172693,25.448729039021924,7.5961355356362725,118.58333333333333,28.583333333333332,10.0,1235386.391794709,29,0.001147844739949659,1147824.6508907508,208863.33983353197,3634,True,成功
True,,187,2YdBtHkaFrzNuBjyHMnhsTrf353VLHkuw7BV64Zr9o3d,GROKBUILD,sol,abnormal,abnormal,OLD_MCAP_4W_UP30,1m,1778853019,2026-05-15 21:50:19,1,1778853019,2026-05-15 21:50:19,57380,47480.8475863799,47480.8475863799,1778853018,2026-05-15 21:50:18,0.0,33.16671431371082,0.0,89333.2172466927,21795.793839884,0.4590439081828064,8294552,5m,close_at_signal,4.6802653e-05,2026-05-15 21:50:00,5.2729651e-05,2026-05-15 21:50:00,4.0078926e-05,2026-05-15 23:35:00,4.0078926e-05,2026-05-15 23:35:00,4.0078926e-05,2026-05-15 23:35:00,12.663807754658674,1.1266380775465867,-14.366123646879602,-14.366123646879602,-14.366123646879602,23.991672161835474,23.991672161835474,0.0,104.68333333333334,105.0,4282.512030449,15,4.035930648731698e-05,40301.54389041149,18911.52272026825,409,True,成功
True,,189,13i7SfDDzg3t4MQnfZNtFKptHpv8HR2eaGRMfetSpump,熊猫,sol,abnormal,abnormal,OLD_MCAP_4W_UP15,1m,1778853198,2026-05-15 21:53:18,1,1778853198,2026-05-15 21:53:18,57397,115925.41750851,115925.41750851,1778853197,2026-05-15 21:53:17,0.0,31.656415491436075,0.0,245728.5778712459,29862.69117735792,0.25760261915956195,843025,5m,close_at_signal,0.00011542046,2026-05-15 21:50:00,0.00012817643,2026-05-15 21:50:00,6.9870172e-05,2026-05-15 23:00:00,6.9870172e-05,2026-05-15 23:00:00,7.4507236e-05,2026-05-15 23:55:00,11.051740739900007,1.110517407399,-35.447115702016774,-39.46465643959485,-39.46465643959485,45.489063784972004,41.87134405288086,0.0,66.7,70.0,24469.531634034,26,6.621570057329343e-05,66210.22757643239,22214.858828539567,514,True,成功
True,,190,H4PX9wgRzU1y5pf3L3VxmAu32hJiRwsRxYBCJdbhpump,Dumplings,sol,abnormal,"abnormal,quiet_runup",OLD_MCAP_4W_UP15,1m,1778853235,2026-05-15 21:53:55,2,1778853235,2026-05-15 21:53:55,57400,65354.021909250994,65354.021909250994,1778853224,2026-05-15 21:53:44,0.0,57.847262561061775,0.0,81820.83305448701,32388.97861587252,0.495592737365836,13162941,5m,close_at_signal,7.9029723e-05,2026-05-15 21:50:00,8.1842089e-05,2026-05-15 21:50:00,5.0111869e-05,2026-05-15 21:50:00,5.8550538e-05,2026-05-15 23:55:00,5.8550538e-05,2026-05-15 23:55:00,3.558618065762431,1.0355861806576243,-25.913269365754964,-36.591111422723834,-36.591111422723834,28.459135494452013,28.459135494452013,0.0,0.0,125.0,12433.8612732212,21,5.980094888576524e-05,59785.41744514232,28003.41307822337,1461,True,失败
True,,193,AbD4royWBbDGPfStspdWibKbMcadawknP7q6JwxQjNyP,MARMOT,sol,new_revival,new_revival,NEW_BOTTOM_REVIVAL,5m,1778853398,2026-05-15 21:56:38,1,1778853398,2026-05-15 21:56:38,57417,107742.647028555,107742.647028555,1778853397,2026-05-15 21:56:37,0.0,17.92809202236225,0.0,473976.27527424035,28778.2423071175,0.2671016825815539,54584,5m,close_at_signal,0.00012683396,2026-05-15 21:55:00,0.00013598321,2026-05-15 21:55:00,6.9027777e-05,2026-05-15 22:55:00,6.9027777e-05,2026-05-15 22:55:00,9.5728532e-05,2026-05-15 23:55:00,7.213564884357471,1.0721356488435747,-24.524526396558144,-45.576266009513546,-45.576266009513546,49.23801475196827,29.602682566472726,0.0,58.36666666666667,60.0,45324.777529178,25,0.00010692297687700037,103252.26127273466,31546.01021865941,662,True,失败
True,,195,14GMPMf3cRANLfJ9QYU19F5XogVGPjCB7f3NLACrpump,DETECTIVE,sol,abnormal,abnormal,OLD_MCAP_4W_UP15,1m,1778853613,2026-05-15 22:00:13,1,1778853613,2026-05-15 22:00:13,57438,98025.636825886,98025.636825886,1778853612,2026-05-15 22:00:12,0.0,56.95726138239733,0.0,123509.11533144045,31788.9495329022,0.32429220112454876,26069489,5m,close_at_signal,9.8357504e-05,2026-05-15 22:00:00,0.00010240173,2026-05-15 22:00:00,6.6818289e-05,2026-05-15 23:25:00,6.6818289e-05,2026-05-15 23:25:00,7.8506983e-05,2026-05-15 23:55:00,4.111761518470414,1.0411176151847041,-20.182009702076208,-32.06589606015216,-32.06589606015216,34.74886703574247,23.334319644795066,0.0,84.78333333333333,85.0,8065.921423435,22,7.522285031703544e-05,74453.5489307123,27285.861215577006,582,True,失败
True,,196,6qdzMx4c9rL2X3Ns3SwZ8uEo4zReDPjdXpAEmpo7pump,BABYTROLL,sol,abnormal,abnormal,OLD_MCAP_4W_UP15,5m,1778853848,2026-05-15 22:04:08,2,1778857826,2026-05-15 23:10:26,57467,657333.59475264,657333.59475264,1778853847,2026-05-15 22:04:07,0.0,17.84939581111696,0.0,1071696.0826579074,81788.91795370996,0.12442528208905525,451305,5m,close_at_signal,0.00066220104,2026-05-15 22:00:00,0.0028661159,2026-05-15 23:10:00,0.0005827971,2026-05-15 22:25:00,0.00095659105,2026-05-15 23:20:00,0.001147574,2026-05-15 23:55:00,332.8165808981514,4.328165808981514,73.29691901420148,-11.990911400561988,-11.990911400561988,66.62413233184324,59.96065616188096,65.86666666666666,20.866666666666667,10.0,541764.861526542,24,0.0013989123689495688,1372424.8470182957,149489.0110325978,4504,True,成功
True,,197,ECqya3D88vjuGeoEXmwME8HkkETw6dL8sCaiofjepump,Phoenix,sol,abnormal,"abnormal,quiet_runup",OLD_MCAP_4W_UP15,1m,1778853953,2026-05-15 22:05:53,3,1778855008,2026-05-15 22:23:28,57474,41912.4636418888,41912.4636418888,1778853941,2026-05-15 22:05:41,0.0,2283.854972296169,0.0,73714.69889706436,20980.16501504196,0.5005710280908813,1223421,5m,close_at_signal,7.8355621e-05,2026-05-15 22:05:00,0.00015841573,2026-05-15 22:05:00,1.7978495e-05,2026-05-15 23:25:00,1.7978495e-05,2026-05-15 23:25:00,2.1894301e-05,2026-05-15 23:55:00,102.17532319729811,2.021753231972981,-72.05777872655747,-77.05525810330825,-77.05525810330825,88.65106703734534,86.17921275873299,0.0,79.11666666666666,80.0,262998.415894269,23,2.02853777397563e-05,16772.891733335924,11583.434952334317,260,True,成功
True,,199,21rKrtBzibPAZHAHQRzGiGDSh7XimCKB2a8VgsjZpump,CHUD,sol,abnormal,abnormal,OLD_MCAP_4W_UP15,5m,1778854064,2026-05-15 22:07:44,1,1778854064,2026-05-15 22:07:44,57490,897998.985446918,897998.985446918,1778854063,2026-05-15 22:07:43,0.0,15.899636564752075,0.0,2117708.8889261596,104753.01604717757,0.11665159732340218,3155619,5m,close_at_signal,0.00090727948,2026-05-15 22:05:00,0.00093472921,2026-05-15 22:05:00,0.00078320707,2026-05-15 22:55:00,0.00078320707,2026-05-15 22:55:00,0.00082034658,2026-05-15 23:55:00,3.0254988242432113,1.0302549882424321,-9.581711249547942,-13.675213948407606,-13.675213948407606,16.210271207850656,12.23698037638088,0.0,47.266666666666666,50.0,50271.270703468,23,0.0008246601534416305,824584.8436763211,142162.14535938643,2851,True,失败
True,,202,ssDhQuXpE9JgGkVQwbep54qqtSVXtzJQo2mFgM2pump,America250,sol,new_revival,new_revival,NEW_BOTTOM_REVIVAL,1m,1778854235,2026-05-15 22:10:35,1,1778854235,2026-05-15 22:10:35,57497,55661.4562749948,55661.4562749948,1778854234,2026-05-15 22:10:34,0.0,44.02599602015327,0.0,122017.67144971361,19139.33180083772,0.3438525162956583,141727,5m,close_at_signal,4.5069623e-05,2026-05-15 22:10:00,5.5289434e-05,2026-05-15 22:10:00,3.2455482e-05,2026-05-15 23:55:00,3.2455482e-05,2026-05-15 23:55:00,3.3224199e-05,2026-05-15 23:55:00,22.67560791444827,1.2267560791444827,-26.282500743349914,-27.988121844285242,-27.988121844285242,41.29894330262089,39.9085926616648,0.0,104.41666666666667,105.0,8198.1150636424,22,3.452496679793648e-05,34509.3054324194,15524.087640841739,415,True,成功
True,,203,BMSh8af8ZrQ1gHDZxCcpfVmfNHX8R5N8bsf7h4bdpump,biohacking,sol,abnormal,abnormal,OLD_MCAP_4W_UP15,1m,1778854274,2026-05-15 22:11:14,1,1778854274,2026-05-15 22:11:14,57503,286567.47817347996,286567.47817347996,1778854273,2026-05-15 22:11:13,0.0,21.572904513235294,0.0,305545.9688910719,54703.14647347418,0.19089097905366087,1464216,5m,close_at_signal,0.00028677043,2026-05-15 22:10:00,0.00033136964,2026-05-15 22:15:00,0.0002727067,2026-05-15 23:35:00,0.0002727067,2026-05-15 23:35:00,0.00030963172,2026-05-15 23:55:00,15.552234587087653,1.1555223458708765,7.971983024888574,-4.904177184516545,-4.904177184516545,17.703172807261403,6.560021612118727,3.7666666666666666,83.76666666666667,80.0,18705.043993416,21,0.00028943062105818467,289417.9746933214,54049.56448364801,585,True,成功
True,,204,FbmmdcCYHL7WETG89xtWmNFMzQAaQ8Zs9NXVbimibonk,DONT,sol,abnormal,"abnormal,quiet_runup",OLD_MCAP_4W_UP15,1m,1778854287,2026-05-15 22:11:27,4,1778857404,2026-05-15 23:03:24,57505,956153.1614688515,956153.1614688515,1778854286,2026-05-15 22:11:26,0.0,46.764235176442035,0.0,1300011.796152917,150223.4620173236,0.15711234148569764,9770198,5m,close_at_signal,2.4363294e-06,2026-05-15 22:10:00,3.3650752e-06,2026-05-15 22:45:00,2.2808318e-06,2026-05-15 23:50:00,2.2808318e-06,2026-05-15 23:50:00,2.3204052e-06,2026-05-15 23:55:00,38.12069911400322,1.3812069911400322,-4.7581496984767435,-6.382453866870397,-6.382453866870397,32.22048054082119,31.044477104107504,33.55,98.55,65.0,39369.999938835,22,2.5829467201428093e-06,1029664.99302567,138866.38571073252,8320,True,成功
True,,205,5gsDMgG3p1xZR7qvbS88EjNSDesBdJjYH7PGemUgpump,FAHHHH,sol,abnormal,abnormal,OLD_MCAP_4W_UP15,1m,1778854331,2026-05-15 22:12:11,2,1778856078,2026-05-15 22:41:18,57512,929699.08512045,929699.08512045,1778854330,2026-05-15 22:12:10,0.0,45.161023673277064,0.0,1340367.4009174926,100262.00734498368,0.10784350436570982,21783356,5m,close_at_signal,0.00093522912,2026-05-15 22:10:00,0.00098652566,2026-05-15 22:35:00,0.00076807815,2026-05-15 23:25:00,0.00076807815,2026-05-15 23:25:00,0.00085195027,2026-05-15 23:55:00,5.484916893947855,1.0548491689394786,-8.904646809971018,-17.872729412018316,-17.872729412018316,22.14311485825924,13.641347149551086,22.816666666666666,72.81666666666666,50.0,62100.365813749,22,0.0008090043973682056,808528.7637749916,102037.6799547742,1786,True,失败
True,,209,8TbnsLM72WoHKmVyDqRqEkEuNRGFgA4zbRXQYv6Gpump,RoyalPop,sol,abnormal,abnormal,OLD_MCAP_4W_UP15,5m,1778854804,2026-05-15 22:20:04,1,1778854804,2026-05-15 22:20:04,57564,900402.5894788799,900402.5894788799,1778854803,2026-05-15 22:20:03,0.0,19.30631376087482,0.0,1557623.4812099903,98532.76755603203,0.10943190158200145,399306,5m,close_at_signal,0.00088176336,2026-05-15 22:20:00,0.0011490073,2026-05-15 23:45:00,0.00084881296,2026-05-15 22:50:00,0.001021354,2026-05-15 23:55:00,0.0010393384,2026-05-15 23:55:00,30.30789802833267,1.3030789802833267,17.870445422000756,-3.736875617058988,-3.736875617058988,11.109877195732354,9.544665207958204,84.93333333333334,29.933333333333334,10.0,41772.670153893,20,0.001112367850673319,1112338.980763076,162036.82042761092,3194,True,成功
True,,213,8m5hzX9hprtWwPuVZL4daCZfggWYKc6fhSJDDpiqpump,Kirkslop,sol,abnormal,abnormal,OLD_MCAP_4W_UP15,1m,1778855033,2026-05-15 22:23:53,1,1778855033,2026-05-15 22:23:53,57588,329992.4532537,329992.4532537,1778855032,2026-05-15 22:23:52,0.0,20.58758253174425,0.0,609616.9041987736,48992.85979617764,0.14846660677573636,441952,5m,close_at_signal,0.00033234029,2026-05-15 22:20:00,0.0003401425,2026-05-15 22:20:00,0.00024229653,2026-05-15 23:55:00,0.00024229653,2026-05-15 23:55:00,0.00025943258,2026-05-15 23:55:00,2.3476569753248855,1.0234765697532489,-21.93766816536148,-27.09384408372515,-27.09384408372515,28.766170061077347,23.728266829343582,0.0,91.11666666666666,95.0,11436.0299509189,18,0.0002709610168068846,270949.89384460624,43751.977127371065,550,True,失败
True,,216,7PfBNTnLC7tmCSW4cvibSsDbDzrx3mcRfFrRmuExpump,motion,sol,abnormal,abnormal,OLD_MCAP_4W_UP15,1m,1778855391,2026-05-15 22:29:51,1,1778855391,2026-05-15 22:29:51,57630,63713.6396420176,63713.6396420176,1778855390,2026-05-15 22:29:50,0.0,26.212933463881665,0.0,63713.602672225585,20754.8862562496,0.32575263904029517,572022,5m,close_at_signal,6.3765663e-05,2026-05-15 22:25:00,6.4740486e-05,2026-05-15 23:50:00,5.0270979e-05,2026-05-15 23:15:00,6.1901295e-05,2026-05-15 23:55:00,6.1901295e-05,2026-05-15 23:55:00,1.528758510673689,1.015287585106737,-2.9237804678671653,-21.162932156762803,-21.162932156762803,4.385495345215662,4.385495345215662,80.15,45.15,5.0,5129.014742858,18,6.5170349773529e-05,65117.142590897536,20834.737956482662,223,True,失败
True,,219,FeMbDoX7R1Psc4GEcvJdsbNbZA3bfztcyDCatJVJpump,three,sol,abnormal,abnormal,OLD_MCAP_4W_UP15,5m,1778855885,2026-05-15 22:38:05,1,1778855885,2026-05-15 22:38:05,57682,269667.52435299597,269667.52435299597,1778855883,2026-05-15 22:38:03,0.0,15.92946964343144,0.0,580681.7791787571,52357.15435261856,0.1941544666093453,1414574,5m,close_at_signal,0.00027020769,2026-05-15 22:35:00,0.00032756221,2026-05-15 22:55:00,0.0002363296,2026-05-15 23:00:00,0.0002363296,2026-05-15 23:00:00,0.00031021936,2026-05-15 23:55:00,21.22608723682142,1.2122608723682142,14.807746589299509,-12.53779638914052,-12.53779638914052,27.851994892817466,5.294521001064201,16.916666666666668,21.916666666666668,5.0,50864.818127,17,0.0002984532787162778,298443.8985668316,54903.139536986586,846,True,成功
True,,220,6CVd9hqv9sBHAEiCVXNyiNrG3CzxXbMDGJ9MA6Mgpump,PAGO,sol,abnormal,abnormal,OLD_MCAP_4W_UP15,5m,1778855897,2026-05-15 22:38:17,1,1778855897,2026-05-15 22:38:17,57684,426396.365616466,426396.365616466,1778855896,2026-05-15 22:38:16,0.0,20.919537796872262,0.0,904380.4134965879,62178.13121602416,0.1458223761502508,336333,5m,close_at_signal,0.00042507098,2026-05-15 22:35:00,0.00043975762,2026-05-15 23:50:00,0.00037633266,2026-05-15 23:00:00,0.00042410008,2026-05-15 23:55:00,0.00042431816,2026-05-15 23:55:00,3.455102957157896,1.034551029571579,-0.17710453910544377,-11.465925055622462,-11.465925055622462,3.5604931643935966,3.510902210176603,71.71666666666667,21.716666666666665,5.0,17312.370027972,17,0.00037808984885519264,378088.39951087534,73463.47624832849,1227,True,失败
True,,221,D9pj66xNQcrQ3pfmV2nd6cPVtN7vqFsGGWGooHgpump,HERMES,sol,abnormal,abnormal,OLD_MCAP_4W_UP15,5m,1778855955,2026-05-15 22:39:15,1,1778855955,2026-05-15 22:39:15,57693,181616.72908756998,181616.72908756998,1778855954,2026-05-15 22:39:14,0.0,17.243550262479282,0.0,276661.90091219154,41150.10106662548,0.22657660047816505,5851392,5m,close_at_signal,0.00017820378,2026-05-15 22:35:00,0.0001845443,2026-05-15 22:35:00,0.0001498144,2026-05-15 23:30:00,0.0001498144,2026-05-15 23:30:00,0.0001772008,2026-05-15 23:55:00,3.558016558346866,1.0355801655834687,-0.5628275674062544,-15.930851747364727,-15.930851747364727,18.8192753718213,3.9792613480882366,0.0,50.75,55.0,8781.52264459,17,0.0001594908051049071,159444.0377793454,38403.93729914369,857,True,失败
True,,226,CzHc1ugMNhim5JCJC8ebbp4k14jfrbZx1HNcMyEppump,MUSK,sol,abnormal,abnormal,OLD_MCAP_4W_UP15,1m,1778856652,2026-05-15 22:50:52,1,1778856652,2026-05-15 22:50:52,57767,68386.395912615,68386.395912615,1778856651,2026-05-15 22:50:51,0.0,19.017696680034067,0.0,72143.92037363148,41345.2112764265,0.6045823986580303,29709663,5m,close_at_signal,6.3269527e-05,2026-05-15 22:50:00,7.0118306e-05,2026-05-15 22:50:00,6.2175215e-05,2026-05-15 23:00:00,6.2175215e-05,2026-05-15 23:00:00,6.2949848e-05,2026-05-15 23:55:00,10.824767190056605,1.108247671900566,-0.5052653546785746,-1.7296035736129367,-1.7296035736129367,11.328127350937434,10.223375904146925,0.0,9.133333333333333,10.0,3144.749348203,8,6.197073734134478e-05,61934.41693362476,38969.17594552153,7256,True,成功
True,,228,82ZmPRVn89XSmbK4dsqFwgTmr9xDBS7be7sjdBn6pump,COPIUM,sol,drop_50w,"drop_40w,drop_50w",NEW_ATH1M_DROP_50W,5m,1778856858,2026-05-15 22:54:18,2,1778857225,2026-05-15 23:00:25,57794,485754.8154131,485754.8154131,1778856857,2026-05-15 22:54:17,0.0,-46.303583104426124,500000.0,1538898.715218266,53324.46425507868,0.10977650156639211,160515,5m,close_at_signal,0.00035496315,2026-05-15 22:50:00,0.00051004623,2026-05-15 22:50:00,8.6344053e-05,2026-05-15 23:45:00,8.6344053e-05,2026-05-15 23:45:00,0.00010850836,2026-05-15 23:55:00,43.689909783593016,1.4368990978359302,-69.43109164993606,-75.67520656721692,-75.67520656721692,83.07132806373258,78.72577942591596,0.0,50.7,55.0,37459.088367828,14,0.00010111988967327046,101119.85127391963,26637.640595462624,1560,True,成功
True,,229,9yZ5Ru8pbmJZ6Q2DKLCGXkaLNwkm83cnJ4QCw4PFpump,wobbles,sol,abnormal,abnormal,OLD_MCAP_4W_UP15,1m,1778857066,2026-05-15 22:57:46,2,1778858242,2026-05-15 23:17:22,57815,1017049.16934819,1017049.16934819,1778857065,2026-05-15 22:57:45,0.0,44.2919788514307,0.0,1191936.9278128275,119993.54212341495,0.11798204623707312,16984799,5m,close_at_signal,0.0010429597,2026-05-15 22:55:00,0.0011427234,2026-05-15 23:20:00,0.00091677708,2026-05-15 23:40:00,0.00091677708,2026-05-15 23:40:00,0.00098475196,2026-05-15 23:50:00,9.56544150267742,1.0956544150267742,-5.581015258787092,-12.098513490022667,-12.098513490022667,19.7726168904916,13.824118767498772,22.233333333333334,42.233333333333334,20.0,19143.303251145,11,0.0010043708086677726,1001651.7750853646,118365.27802518946,2182,True,失败
True,,231,jvKtLFLnNGPM7edS9KEpYqPxuY8HPGTZohLFM4Spump,ANDV,sol,abnormal,abnormal,OLD_MCAP_4W_UP15,5m,1778857157,2026-05-15 22:59:17,1,1778857157,2026-05-15 22:59:17,57829,514801.49633956,514801.49633956,1778857156,2026-05-15 22:59:16,0.0,15.690063451150074,0.0,863203.8536119431,71690.33158339416,0.13925820358553823,831070,5m,close_at_signal,0.00051371454,2026-05-15 22:55:00,0.00057851741,2026-05-15 23:55:00,0.00047365714,2026-05-15 23:30:00,0.00057021435,2026-05-15 23:55:00,0.00057021435,2026-05-15 23:55:00,12.61456800502474,1.1261456800502474,10.998289049790188,-7.79759903233418,-7.79759903233418,1.435230791066422,1.435230791066422,55.71666666666667,30.716666666666665,0.0,11877.965215315,13,0.0005904194652811341,590398.2441994596,78888.36216285835,1434,True,成功
True,,232,HeC2xWqGT9gPfdvaMuqxPo2bUQ1XgY5wRtnrwTEHpump,BELIEVE,sol,abnormal,abnormal,OLD_MCAP_4W_UP15,5m,1778857171,2026-05-15 22:59:31,1,1778857171,2026-05-15 22:59:31,57831,347350.34521154,347350.34521154,1778857170,2026-05-15 22:59:30,0.0,17.877871100021064,0.0,440559.7175277299,67656.74531003751,0.19477955396541738,3852579,5m,close_at_signal,0.00034737965,2026-05-15 22:55:00,0.00035159774,2026-05-15 22:55:00,0.00031904878,2026-05-15 22:55:00,0.00033580225,2026-05-15 23:40:00,0.00033580225,2026-05-15 23:40:00,1.214259384509142,1.0121425938450914,-3.3327801441448868,-8.155592879433193,-8.155592879433193,4.492489058661198,4.492489058661198,0.0,0.0,45.0,2464.35166623,6,0.00033651374505884517,336485.0177931625,66172.17137098049,1425,True,失败
True,,235,E6ifp2mJy8cYQehUGUtFvrXriRKxRuonLmrvTFypump,SPCX,sol,abnormal,abnormal,OLD_MCAP_4W_UP15,1m,1778857250,2026-05-15 23:00:50,1,1778857250,2026-05-15 23:00:50,57838,531358.080853292,531358.080853292,1778857249,2026-05-15 23:00:49,0.0,24.46870832729329,0.0,643175.0595798322,72225.64804660872,0.13592650728229017,41634554,5m,close_at_signal,0.00054502735,2026-05-15 23:00:00,0.00056282535,2026-05-15 23:10:00,0.00051363505,2026-05-15 23:15:00,0.00051363505,2026-05-15 23:15:00,0.0005361793,2026-05-15 23:55:00,3.2655241980058314,1.0326552419800583,-1.6234139442727114,-5.759766000733723,-5.759766000733723,8.739887071540032,4.734337214910445,9.166666666666666,14.166666666666666,5.0,5541.2806347509995,11,0.0005238325110233646,523813.8604256487,70824.82328684352,878,True,失败
True,,236,64Xtqbivo92rDWQ7RruN6c4VkkfD3pNoZTHjMjyNBAGS,SKS,sol,abnormal,abnormal,OLD_MCAP_4W_UP15,1m,1778857271,2026-05-15 23:01:11,1,1778857271,2026-05-15 23:01:11,57841,62508.751120461595,62508.751120461595,1778857270,2026-05-15 23:01:10,0.0,65.84478358151281,0.0,82784.81451625741,18581.6315036677,0.29726448170207,10288078,5m,close_at_signal,5.8768468e-05,2026-05-15 23:00:00,7.5033325e-05,2026-05-15 23:00:00,4.1260758e-05,2026-05-15 23:05:00,4.1260758e-05,2026-05-15 23:05:00,4.5110162e-05,2026-05-15 23:50:00,27.676163006325094,1.276761630063251,-23.240874681300173,-29.79099267995211,-29.79099267995211,45.01008985007662,39.87983072854628,0.0,3.816666666666667,5.0,13326.657594677,10,4.568532040344098e-05,45658.25880230063,15415.342338692042,948,True,成功
True,,237,EN2nnxrg8uUi6x2sJkzNPd2eT6rB9rdSoQNNaENA4RZA,SQUIRE,sol,abnormal,abnormal,OLD_MCAP_4W_UP15,1m,1778857393,2026-05-15 23:03:13,1,1778857393,2026-05-15 23:03:13,57854,384051.19505631604,384051.19505631604,1778857392,2026-05-15 23:03:12,0.0,25.55197368368346,0.0,860626.3994080072,58906.95163349418,0.15338307077746824,4992539,5m,close_at_signal,0.00039569313,2026-05-15 23:00:00,0.0004646723,2026-05-15 23:00:00,0.00031204975,2026-05-15 23:00:00,0.00039031815,2026-05-15 23:10:00,0.00043513474,2026-05-15 23:55:00,17.432491183256072,1.1743249118325607,9.96772675835944,-21.138446351090302,-21.138446351090302,16.001416482110077,6.356643165516851,0.0,0.0,10.0,29510.57726613,12,0.00043884760805639665,438775.85390469607,62377.02966036573,660,True,成功
True,,241,2LsescRjhcxoUwEQLpcsd3Gh6AHUyqEHANDakkoSpump,IRYNA,sol,abnormal,abnormal,OLD_MCAP_4W_UP15,1m,1778857679,2026-05-15 23:07:59,1,1778857679,2026-05-15 23:07:59,57887,59745.1947904,59745.1947904,1778857668,2026-05-15 23:07:48,0.0,31.010249115785882,0.0,77012.937177344,38840.65375299192,0.6501050651730896,21701866,5m,close_at_signal,7.1395237e-05,2026-05-15 23:05:00,7.9269705e-05,2026-05-15 23:05:00,5.4293635e-05,2026-05-15 23:05:00,6.2609337e-05,2026-05-15 23:55:00,6.2609337e-05,2026-05-15 23:55:00,11.029402423581836,1.1102940242358184,-12.306002990087418,-23.953421430620093,-23.953421430620093,21.017320551401063,21.017320551401063,0.0,0.0,50.0,24330.6315561203,8,5.842197276066567e-05,58392.060695660446,36158.851813039044,4151,True,成功
True,,245,EntsaeteFcMmMeXhoiYCydvoriZqGiwFsdKVrKpuAGbW,LOLGUY,sol,abnormal,abnormal,OLD_MCAP_4W_UP15,5m,1778857988,2026-05-15 23:13:08,1,1778857988,2026-05-15 23:13:08,57930,184313.148073232,184313.148073232,1778857987,2026-05-15 23:13:07,0.0,29.577523804721668,0.0,328840.4213875354,36141.12602341542,0.19608544697557706,65579001,5m,close_at_signal,0.0001839392,2026-05-15 23:10:00,0.00018599371,2026-05-15 23:10:00,0.00015522176,2026-05-15 23:50:00,0.00015522176,2026-05-15 23:50:00,0.00016116092,2026-05-15 23:55:00,1.1169506010681785,1.0111695060106818,-12.383591969520369,-15.61246324872566,-15.61246324872566,16.544618632533325,13.351413873082052,0.0,36.86666666666667,40.0,4555.685317684,10,0.00015827614324706514,158259.09750682965,33299.71907863894,503,True,失败
